ファイル,判定,ローカルバイト数,ローカルSHA256,Git正規化blob,GitHub_blob,GitHub_SHA256,除外規則,GitHub内の同一バイト資料,GitHub_main履歴にblobあり,50MB超,LFSポインタ
README.md,完全一致,1140,94a17513abefc84050ae89b0666c81f5288ef808f8471e2d90975ac8afd2f6a0,7dc32d38ab2ea76ff420d79b9b4c539ac7b2dd3b,7dc32d38ab2ea76ff420d79b9b4c539ac7b2dd3b,94a17513abefc84050ae89b0666c81f5288ef808f8471e2d90975ac8afd2f6a0,,,True,False,False
data/.gitkeep,完全一致,0,e3b0c44298fc1c149afbf4c8996fb92427ae41e4649b934ca495991b7852b855,e69de29bb2d1d6434b8b29ae775ad8c2e48c5391,e69de29bb2d1d6434b8b29ae775ad8c2e48c5391,e3b0c44298fc1c149afbf4c8996fb92427ae41e4649b934ca495991b7852b855,,,True,False,False
materials/.gitkeep,完全一致,0,e3b0c44298fc1c149afbf4c8996fb92427ae41e4649b934ca495991b7852b855,e69de29bb2d1d6434b8b29ae775ad8c2e48c5391,e69de29bb2d1d6434b8b29ae775ad8c2e48c5391,e3b0c44298fc1c149afbf4c8996fb92427ae41e4649b934ca495991b7852b855,,,True,False,False
materials/2_測量学_誤差.pptx,未追跡,898511,3a3a1d8cadb9c12b150568391779d5e635438328b89d6e575b8a1f70267fb166,3293fb073d4f1aafdc04d3a4d28f3ea76305d73d,,,,,False,False,False
materials/exercises/第02回_測量の基礎と誤差論/exercise.md,完全一致,4646,24027706968edd8e996bdcfa2c607051d6a7e4242ba45d34922fd2fc740c5642,a656be1bdda7fef81e8d182e9111b5cbdeb1b7d2,a656be1bdda7fef81e8d182e9111b5cbdeb1b7d2,24027706968edd8e996bdcfa2c607051d6a7e4242ba45d34922fd2fc740c5642,,,True,False,False
materials/exercises/第02回_測量の基礎と誤差論/exercise_answers.md,Git正規化後一致（改行等）,5264,4bdb60a196ed88707128f86f7ea572281368b1789b1d09a4590d420bca5d1e17,1c417024f434a7da02effc741d1b8ff82cb5489f,1c417024f434a7da02effc741d1b8ff82cb5489f,5bbf7e3488c061b663f362f0206dfbaf6e3e71a59eb2d346b891a9d67e65fec7,,,True,False,False
materials/lecture_plan_13.md,完全一致,22805,b65ce59a75dd63f3c2a239dfc9e390d2eb7fbdc04b5f4e985df0cf1aa9401dc9,22a244d7e05f130d7de6fd5cfcbc6c00926a8322,22a244d7e05f130d7de6fd5cfcbc6c00926a8322,b65ce59a75dd63f3c2a239dfc9e390d2eb7fbdc04b5f4e985df0cf1aa9401dc9,,,True,False,False
materials/slides/_guidelines/slide_guidelines.md,完全一致,8584,e7764c476f4df540326302ab699c0fca8b084a61d77bab0618098024506f1b12,80070f6dab99daf0164ac0990b980f708487bedb,80070f6dab99daf0164ac0990b980f708487bedb,e7764c476f4df540326302ab699c0fca8b084a61d77bab0618098024506f1b12,,,True,False,False
materials/slides/第02回_測量の基礎と誤差論/README.md,完全一致,7193,2830387a8e6efe1dc76a615c8ff4bb206443361bf61ed6c2ac225ca8cd09de1e,6be8d7c0d0142411647e43930bf69835aa8a5207,6be8d7c0d0142411647e43930bf69835aa8a5207,2830387a8e6efe1dc76a615c8ff4bb206443361bf61ed6c2ac225ca8cd09de1e,,,True,False,False
materials/slides/第02回_測量の基礎と誤差論/slides.html,完全一致,583452,cf6601b1d31bedf1e314fcdaec0f11637930f821efe74f77da26aa3a22cd66b1,feddf622e9dbb3f225e5a0c13e1b7c8476c77d52,feddf622e9dbb3f225e5a0c13e1b7c8476c77d52,cf6601b1d31bedf1e314fcdaec0f11637930f821efe74f77da26aa3a22cd66b1,,,True,False,False
materials/slides/第02回_測量の基礎と誤差論/slides.md,完全一致,36190,40ff7a876153b950aecc2ff8b044854ca9a301deb7443168604d8473acdc0137,fb7d3cfc87a4d95f0fdd817d6589da464b62c99f,fb7d3cfc87a4d95f0fdd817d6589da464b62c99f,40ff7a876153b950aecc2ff8b044854ca9a301deb7443168604d8473acdc0137,,,True,False,False
materials/slides/第02回_測量の基礎と誤差論/slides.pdf,完全一致,1617677,26dffbecaf15e07dcd160cd4dfbfe4a797881738cfc951c57a99ebe633a34369,d36609989349ff69566f1500b804ea6d2629ad29,d36609989349ff69566f1500b804ea6d2629ad29,26dffbecaf15e07dcd160cd4dfbfe4a797881738cfc951c57a99ebe633a34369,,,True,False,False
materials/slides/第02回_測量の基礎と誤差論/slides.pptx,完全一致,587974,c29d17f63be4de83b31b528b5ea6d8d81aa0ab4f2d37015b7644801f01260f4a,56824886496108e0875e81bd4618851386db6da5,56824886496108e0875e81bd4618851386db6da5,c29d17f63be4de83b31b528b5ea6d8d81aa0ab4f2d37015b7644801f01260f4a,,,True,False,False
materials/slides/第02回_測量の基礎と誤差論/改訂版_20261008/README.md,Git正規化後一致（改行等）,6931,6e1680efe28ac44141d0b3130823f959a1beb2c4833ad357f323ff8221291811,fc88ab5fed3694dcc1f549f84ad95fa67bebbf16,fc88ab5fed3694dcc1f549f84ad95fa67bebbf16,0f75f30f64c601301b91dcdf7299e74bb6ef2556f75814b70431b7a1ce1eadb0,,,True,False,False
materials/slides/第02回_測量の基礎と誤差論/改訂版_20261008/diagrams/allocation.png,完全一致,105774,fbf60d87fc483eb370254c1d854bbf91255ea20d0924f9d82d7708eda9581905,b75e03087cae3c2d085d52671004aca14415c780,b75e03087cae3c2d085d52671004aca14415c780,fbf60d87fc483eb370254c1d854bbf91255ea20d0924f9d82d7708eda9581905,,,True,False,False
materials/slides/第02回_測量の基礎と誤差論/改訂版_20261008/diagrams/allocation.svg,Git正規化後一致（改行等）,57871,10d04131e1dfe9009038d26d3b0dcdcf3ce16d5c6d8661c44335535c144b1307,6d70bdb6992a2f3553dbc68393650b25b3c4eb82,6d70bdb6992a2f3553dbc68393650b25b3c4eb82,3ba2c65414afa5c79ac960dbaff9d591d209853a59515139d6745d5cea6088ec,,,True,False,False
materials/slides/第02回_測量の基礎と誤差論/改訂版_20261008/diagrams/cancel.png,完全一致,54933,ee37772b5cbf765b340c5674e7c8851acbbfff3ca1d3885251854f1e87b8e4b1,817ffd796d297a3c149c180fd6bdc6599184d9a1,817ffd796d297a3c149c180fd6bdc6599184d9a1,ee37772b5cbf765b340c5674e7c8851acbbfff3ca1d3885251854f1e87b8e4b1,,,True,False,False
materials/slides/第02回_測量の基礎と誤差論/改訂版_20261008/diagrams/cancel.svg,Git正規化後一致（改行等）,51820,00ed8563bc46821c5b872bd5efa203ab2d8a91fee99707c16ca63d5395bb4e2c,fa5c062a1af7a70cc0d2a124206cf9921ef19741,fa5c062a1af7a70cc0d2a124206cf9921ef19741,33cdcbe26acfb97a6e8666b6a4229905b43ef91d118e75059f10f4ab3f686c8d,,,True,False,False
materials/slides/第02回_測量の基礎と誤差論/改訂版_20261008/diagrams/check_flow.png,完全一致,87636,8607f9e6b6e09a6c8b55fa0ca600dac41ab6cb14dccf5dc34133fd3cad9d262f,d118a760507480ebe071594c7add2cba13137d3a,d118a760507480ebe071594c7add2cba13137d3a,8607f9e6b6e09a6c8b55fa0ca600dac41ab6cb14dccf5dc34133fd3cad9d262f,,,True,False,False
materials/slides/第02回_測量の基礎と誤差論/改訂版_20261008/diagrams/check_flow.svg,Git正規化後一致（改行等）,69718,d8aabc37cb2f3a94b1ead6bf0c7be7129f763524e76eee46b8a0a8eedfbd6b4c,6af0a142af51af74a6039179739fc7081f40e667,6af0a142af51af74a6039179739fc7081f40e667,d6bfaa5be2731ca208b8fc26b1e52d7a6e1e6cf0e83868b6b45f0044c361b46e,,,True,False,False
materials/slides/第02回_測量の基礎と誤差論/改訂版_20261008/diagrams/ci_tails.png,完全一致,74610,fc8a031202eba860672847d74d7814a23cb0339ec21c2948b469225784162aec,f43fa5b0d0d96022f0735ab86bbb725744db2090,f43fa5b0d0d96022f0735ab86bbb725744db2090,fc8a031202eba860672847d74d7814a23cb0339ec21c2948b469225784162aec,,,True,False,False
materials/slides/第02回_測量の基礎と誤差論/改訂版_20261008/diagrams/ci_tails.svg,Git正規化後一致（改行等）,91430,9dd098c3e8f06573233825a6092c4760ae4abcb751ac470287589bf1d917b5d6,84aa37e69becef7879c22c244896d25aa46050fd,84aa37e69becef7879c22c244896d25aa46050fd,75b50d87177c98f3b1e8faa422675a3304bc492d890576d314a4042eaf5472b7,,,True,False,False
materials/slides/第02回_測量の基礎と誤差論/改訂版_20261008/diagrams/clt.png,完全一致,85121,624b09b7cc673a659efd1a138ee3431891859c2e61f237877e615e0777a47764,2a5059858feee71065af1b8c6f0d597c6e899662,2a5059858feee71065af1b8c6f0d597c6e899662,624b09b7cc673a659efd1a138ee3431891859c2e61f237877e615e0777a47764,,,True,False,False
materials/slides/第02回_測量の基礎と誤差論/改訂版_20261008/diagrams/clt.svg,Git正規化後一致（改行等）,58936,4797d7e5ffe3cab0642b5cb5f965624a33ddac7443cb163f15c0f7aa8850d6d2,d047eb2c830eab4c3bcf21a3417226e488fdaf54,d047eb2c830eab4c3bcf21a3417226e488fdaf54,20ec2ac42a84292b06d645af88f6358d00c786a1062ffb29a561b2640ec9af9a,,,True,False,False
materials/slides/第02回_測量の基礎と誤差論/改訂版_20261008/diagrams/propagation.png,完全一致,50212,50eb9731fb55fa4d7247ad857193b8155328676c32abe8c21c4d3bb19b7346e9,580c59749180be6429022d4892c6449be7c1525c,580c59749180be6429022d4892c6449be7c1525c,50eb9731fb55fa4d7247ad857193b8155328676c32abe8c21c4d3bb19b7346e9,,,True,False,False
materials/slides/第02回_測量の基礎と誤差論/改訂版_20261008/diagrams/propagation.svg,Git正規化後一致（改行等）,31926,dcfe073e72517c175cc6e510cd8fc84de4295d632568d09d97940f0f21fc60e7,c9b87f9e199564995429e1c1480b20d7ebcedca7,c9b87f9e199564995429e1c1480b20d7ebcedca7,d2fa050c95ae5539ded45eee6e3a516276909a0d3e8a5269a3634164ddbeb038,,,True,False,False
materials/slides/第02回_測量の基礎と誤差論/改訂版_20261008/diagrams/repeats.png,完全一致,101016,f770b1cff5e7316a47ccd9b92632890f8f304ff92859211f57e5b97865ae1a28,d2a7869405a496c71082db10ad602227eeadad14,d2a7869405a496c71082db10ad602227eeadad14,f770b1cff5e7316a47ccd9b92632890f8f304ff92859211f57e5b97865ae1a28,,,True,False,False
materials/slides/第02回_測量の基礎と誤差論/改訂版_20261008/diagrams/repeats.svg,Git正規化後一致（改行等）,66368,01a48df6059d1a14aa5b2c3724ed1f34949646b37f69ea539c058f0aa13caa80,f8980e35e29a74ed92a6114a66cc26af77d28783,f8980e35e29a74ed92a6114a66cc26af77d28783,87af83c78b72e023fd237b6f31468baf20262d6f0e7be6316ab0cbad906a9eef,,,True,False,False
materials/slides/第02回_測量の基礎と誤差論/改訂版_20261008/diagrams/targets.png,完全一致,103726,654dfa5e43edbc1ff3abccb12fd3575c1e0210f500dc27f30f9f2211f67f4281,ed5d58723940d5dbeecf9a584a6059b3fef16dba,ed5d58723940d5dbeecf9a584a6059b3fef16dba,654dfa5e43edbc1ff3abccb12fd3575c1e0210f500dc27f30f9f2211f67f4281,,,True,False,False
materials/slides/第02回_測量の基礎と誤差論/改訂版_20261008/diagrams/targets.svg,Git正規化後一致（改行等）,53262,3bba41a6185914df506bf62be58d6756cb3fafe3cb54c8d9767a307f79fbe918,5358c8a35bdeb29aa6354b2c1356fefc9078416b,5358c8a35bdeb29aa6354b2c1356fefc9078416b,b9e6db2c53e819528d5e3f85fb9599af16fe81331179c7f0c4e898ac8af4c8c9,,,True,False,False
materials/slides/第02回_測量の基礎と誤差論/改訂版_20261008/diagrams/true_value.png,完全一致,59077,9b0cf4f159ce4917b09830c803d6eb163f6a210f597f440dc58e687fbcc96edf,69856565905f9b0ea372a46d66b8817d1606e05f,69856565905f9b0ea372a46d66b8817d1606e05f,9b0cf4f159ce4917b09830c803d6eb163f6a210f597f440dc58e687fbcc96edf,,,True,False,False
materials/slides/第02回_測量の基礎と誤差論/改訂版_20261008/diagrams/true_value.svg,Git正規化後一致（改行等）,34262,edb60a23297b5c85060d340eecede5ac280c688f153968130168523f1f4b14c8,41b58702bbb113fa06ae3f57a22c99f8c882f196,41b58702bbb113fa06ae3f57a22c99f8c882f196,28b9b4c922e9e1d5f52cef341a64efa4faf991c2d47d352e7b30efb1e10c0c61,,,True,False,False
materials/slides/第02回_測量の基礎と誤差論/改訂版_20261008/diagrams/variance_add.png,完全一致,43565,7ea80a7400db70747b2e5e90517fa0dbc5f65ce2d07ebc0ddc490978f01525af,798b901b7f30c9084717aeb111cc8fc25ac50f11,798b901b7f30c9084717aeb111cc8fc25ac50f11,7ea80a7400db70747b2e5e90517fa0dbc5f65ce2d07ebc0ddc490978f01525af,,,True,False,False
materials/slides/第02回_測量の基礎と誤差論/改訂版_20261008/diagrams/variance_add.svg,Git正規化後一致（改行等）,30098,aae19bf5ac8349fce48433d798d3a536e190db1c6dcead24ee92be4443ba93fc,d971d7b3e4d7eb638f76549f2179bf6ef6ab7a6b,d971d7b3e4d7eb638f76549f2179bf6ef6ab7a6b,634aa92698d2fb0d5bf8048005b666190114b120a69fa9f9d16bc22fa082feb5,,,True,False,False
materials/slides/第02回_測量の基礎と誤差論/改訂版_20261008/slides_revised.md,Git正規化後一致（改行等）,75483,3e0bdec8f34156dbe895d8567b06653651f36db460d207ed30b0e0e383823cad,936f20bd12f376da10650f3dd6e630d5d1ee4a60,936f20bd12f376da10650f3dd6e630d5d1ee4a60,fd92eb61df3b18b5b2bf395d28b94b5992ce6ed6f117130f630ff8d50decd628,,,True,False,False
materials/slides/第02回_測量の基礎と誤差論/改訂版_20261008/測量学_第02回_図解改訂版.pdf,完全一致,1717693,8c46a46cc6e8a09220e0c697dd69997566bf8bea64ce4e72d7ef68d1de034185,5e0f86d8cd07fe232bc9e4b0e6e3e8e5bc4f87f5,5e0f86d8cd07fe232bc9e4b0e6e3e8e5bc4f87f5,8c46a46cc6e8a09220e0c697dd69997566bf8bea64ce4e72d7ef68d1de034185,,,True,False,False
materials/slides/第02回_測量の基礎と誤差論/改訂版_20261008/測量学_第02回_図解改訂版.pptx,完全一致,1414045,8b49fd1c921f7dadbe493be0b0f61ed84eed7309403e8966bf77445dafc59532,e5db4b9224ac123123c49960f2e58421cec2eb53,e5db4b9224ac123123c49960f2e58421cec2eb53,8b49fd1c921f7dadbe493be0b0f61ed84eed7309403e8966bf77445dafc59532,,,True,False,False
materials/slides/第02回_測量の基礎と誤差論/改訂版_20261008/確認記録.md,Git正規化後一致（改行等）,3964,d892fb2c5bca27219bd3e81eddff46853ba9624cfff761bca7007757da5a5278,404c73478bec6b6648888579f298dd3c73c59989,404c73478bec6b6648888579f298dd3c73c59989,16efeba6a2fbc00651db5ec358f307ced7108d5f288ee6f9a008f86beac317a8,,,True,False,False
notes/2026_field_teaching_notes.md,完全一致,3605,bddc7bd62fd572c357cad24145d5cf1abb577a1004ef63e0d84fb18c675ecddb,dd2b5ce3f8b299c9a2431ea3dec541bc57c8991f,dd2b5ce3f8b299c9a2431ea3dec541bc57c8991f,bddc7bd62fd572c357cad24145d5cf1abb577a1004ef63e0d84fb18c675ecddb,,,True,False,False
notes/2026_practicum_summary.md,完全一致,2566,92ffd6d1c00bf19cba8a0c2cd08ff803be9f0fa5cacea15d8649f7f5a67c94e9,0aaa7c5bc9a59b057678d11a398e41e298101aff,0aaa7c5bc9a59b057678d11a398e41e298101aff,92ffd6d1c00bf19cba8a0c2cd08ff803be9f0fa5cacea15d8649f7f5a67c94e9,,,True,False,False
notes/reviews/2026-10-08_claude_review_session02.md,完全一致,4974,1de75c527fb736b621f6780ed08379f31d159ac51421c06c3b6caa560fc92cc8,275a7b2a5a70d48f6ed081546418fbcad1911daf,275a7b2a5a70d48f6ed081546418fbcad1911daf,1de75c527fb736b621f6780ed08379f31d159ac51421c06c3b6caa560fc92cc8,,,True,False,False
notes/reviews/2026-10-08_codex_review_lecture_plan.md,完全一致,13933,783754c8b4c85404569087f2891c68e6953789eafee7a252a774515109ebcd17,963fcbb2f88f6d04816519e7e5ba7a5e033461ac,963fcbb2f88f6d04816519e7e5ba7a5e033461ac,783754c8b4c85404569087f2891c68e6953789eafee7a252a774515109ebcd17,,,True,False,False
notes/reviews/2026-10-08_fable_revision_plan_session02.md,完全一致,19339,3844a90b65b0a85017164b72b92ebaf006ae8f88033526de66542144d3fb8de1,6bf378a76f216186d3fb17f79d72372f8e324f33,6bf378a76f216186d3fb17f79d72372f8e324f33,3844a90b65b0a85017164b72b92ebaf006ae8f88033526de66542144d3fb8de1,,,True,False,False
notes/worklog.md,Git正規化後一致（改行等）,5898,4592475f883865fdc35a5b28f219067125345ee9c76596a5f1f4fb78792b5c67,1f58f291e259b55ba20f148080f88cdc7f9ed651,1f58f291e259b55ba20f148080f88cdc7f9ed651,71c2e6113c92fc543cab0656112eb57a6a733a76fdaf851a5105bd8ad2544968,,,True,False,False
scripts/.gitkeep,完全一致,0,e3b0c44298fc1c149afbf4c8996fb92427ae41e4649b934ca495991b7852b855,e69de29bb2d1d6434b8b29ae775ad8c2e48c5391,e69de29bb2d1d6434b8b29ae775ad8c2e48c5391,e3b0c44298fc1c149afbf4c8996fb92427ae41e4649b934ca495991b7852b855,,,True,False,False
scripts/audit_github_restore.py,未追跡,6130,760120738a23961719dd4fca30b3d1f273496f69e2e341a3a00a74b5595eee64,f296bf7753560fd3baa70dcdca1a9a30f917ce3e,,,,,False,False,False
scripts/build_session02_revised.py,Git正規化後一致（改行等）,16837,247c6c9e4486d0b37b6e394836c13bbf1950a87a3fa7236e0615906020868dc7,89838fcbc42a10a97cc00deb8306746e78f1e8a5,89838fcbc42a10a97cc00deb8306746e78f1e8a5,7fc954bd09d59365e879dd7445e58c5bcec6d0c4debbd65a2abaf3e9caa3b8a7,,,True,False,False
scripts/check_exercise_02.py,完全一致,2587,892d2a077c79b956e52d407ae6c0fd8bd10feef44d08825078b1b9f582189262,55b3d9f2a667d76996dc11fa3ded115577734cd5,55b3d9f2a667d76996dc11fa3ded115577734cd5,892d2a077c79b956e52d407ae6c0fd8bd10feef44d08825078b1b9f582189262,,,True,False,False
scripts/md2pptx.py,完全一致,30941,243cf17bf1d64e9d2d37a750920eaa67fff64e5229f30a02726c2f7ebbe2631a,0c13d11ee2e45257854325d1ac3e5776aea204ab,0c13d11ee2e45257854325d1ac3e5776aea204ab,243cf17bf1d64e9d2d37a750920eaa67fff64e5229f30a02726c2f7ebbe2631a,,,True,False,False
scripts/pptx_export.ps1,完全一致,993,f0fb7772900e2536b154186eaece4e42e33815fa73ecc2182ba425ea77b588a2,ed1705a9d64b96a7f2805d5700f3a28c2c3c9887,ed1705a9d64b96a7f2805d5700f3a28c2c3c9887,f0fb7772900e2536b154186eaece4e42e33815fa73ecc2182ba425ea77b588a2,,,True,False,False
